ranks,gflops,stddev
8,0.61664440000000009,0.00029775701503072515
16,0.90143890000000004,0.010481581259046746
32,1.2759285,0.43473198792066131
64,0.63159250000000011,0.0035584627931172807