ranks,gflops,stddev
8,16.189824999999999,0
16,20.219569,0
32,21.979607000000001,0
64,23.308229999999998,0