ranks,load_bal,stddev
8,1.0013719999999999,0
16,1.00322,0
32,1.0064709999999999,0
64,1.0125280000000001,0